{
    "A.1 (Valor Alto)": {
        "f1_mean": 0.9935064935064934,
        "f1_std": 0.006493506493506496,
        "auc_rangos_mean": 0.8120698847720906,
        "auc_rangos_std": 0.05986694650004208,
        "n_folds_validos": "4",
        "folds_data": {
            "f1_scores": [
                0.987012987012987,
                1.0,
                0.987012987012987,
                1.0
            ],
            "auc_scores": [
                0.8011204481792717,
                0.7272727272727272,
                0.8948863636363636,
                0.825
            ]
        }
    }
}